{"config_checksum": "e9c733c41b9cdc7d6aa59f6665424faeb3a5373947702ece3dcda3148ad5ac64", "Kp": 1.021412568262045, "Ki": 1.0445162674242636}
