{"config_checksum": "59facf8bdd9ab455ed82ebe1dd2c736d9f59195f80993d93e168fd4648f37f42", "Kp": 1.021412568262045, "Ki": 1.0445162674242636}
